Timestamp,Meeting ID,Meeting Title,Meeting Start Time,Attendees,Summary,Action Items,Recording URL
2025-07-23 23:18:10,manual-test-12345,Manual Test: Project Phoenix Kickoff,2025-07-23T18:00:00Z,"Nitesh Test <nitesh@example.com>, Jane Doe <jane.doe@example.com>","This is a manually triggered test summary.

The main goal was to confirm the webhook endpoint is receiving and processing data correctly.

Everything appears to be working.","- Nitesh to confirm the logging works.
- Jane to prepare for the next phase.",https://app.fathom.video/meetings/manual-test-12345
2025-07-23 23:18:20,manual-test-12345,Manual Test: Project Phoenix Kickoff,2025-07-23T18:00:00Z,"Nitesh Test <nitesh@example.com>, Jane Doe <jane.doe@example.com>","This is a manually triggered test summary.

The main goal was to confirm the webhook endpoint is receiving and processing data correctly.

Everything appears to be working.","- Nitesh to confirm the logging works.
- Jane to prepare for the next phase.",https://app.fathom.video/meetings/manual-test-12345
